usn,name,attendance,internal_marks,assignment_score,quiz_score,lab_marks,semester_marks,study_hours,grade_label,attendance_tier,risk_score,risk_tier,performance_index,total_continuous,is_at_risk,predicted_marks,predicted_grade,cluster_id,cluster_name
1RV21CS001,Vivek Kulkarni,46.38,28.25,26.7,42.09,40.3,138.11,1.43,C,Critical,40,Moderate,63.66,137.34,0,133.37,C,1,Inconsistent Learners
1RV21CS002,Arvind Reddy,46.64,26.56,35.16,20.8,25.97,110.26,3.72,F,Critical,55,High,52.8,108.49,1,111.41,F,1,Inconsistent Learners
1RV21CS003,Deepak Pillai,77.41,44.28,20.19,44.17,40.94,149.34,1.78,C,Good,20,Low,75.98,149.57999999999998,0,148.22,C,2,High Achievers
1RV21CS004,Tanmay Yadav,50.62,31.4,30.77,30.32,27.94,109.66,3.3,F,Warning,55,High,57.62,120.43,1,115.12,F,1,Inconsistent Learners
1RV21CS005,Rohan Bose,49.33,28.8,38.86,46.56,30.85,129.72,1.35,D,Critical,40,Moderate,66.0,145.07,0,131.67,D,0,Average Performers
1RV21CS006,Chirag Malhotra,87.52,49.56,45.66,45.99,31.4,173.03,5.17,A,Excellent,0,Low,87.22,172.61,0,168.82,A,2,High Achievers
1RV21CS007,Vishal Das,64.54,40.11,41.05,40.51,22.14,144.86,3.67,C,Warning,30,Moderate,70.93,143.81,0,142.8,C,0,Average Performers
1RV21CS008,Harsha Hegde,70.42,28.1,47.76,40.64,26.59,134.88,4.84,D,Average,0,Low,69.94,143.09,0,135.9,D,3,At-Risk Students
1RV21CS009,Vihaan Malhotra,90.2,44.15,32.03,21.99,47.39,156.03,4.59,B,Excellent,0,Low,77.83,145.56,0,155.38,B,2,High Achievers
1RV21CS010,Ankit Tiwari,72.46,46.54,39.29,24.29,24.19,145.45,3.69,C,Average,0,Low,70.35,134.31,0,144.1,C,2,High Achievers
1RV21CS011,Shreyas Patil,68.56,37.51,30.86,49.92,24.15,139.96,4.78,C,Average,0,Low,70.69,142.44,0,140.47,C,1,Inconsistent Learners
1RV21CS012,Rohan Shetty,79.51,43.76,32.66,21.91,31.45,148.11,3.65,C,Good,0,Low,70.32,129.77999999999997,0,147.44,C,2,High Achievers
1RV21CS013,Ramesh Sharma,82.42,23.44,46.54,42.53,43.06,147.17,2.47,C,Good,25,Moderate,76.54,155.57,0,147.24,C,3,At-Risk Students
1RV21CS014,Vishal Menon,45.18,41.66,41.59,49.16,42.86,165.44,1.53,A,Critical,40,Moderate,78.19,175.26999999999998,0,161.86,A,0,Average Performers
1RV21CS015,Vivek Mishra,91.29,35.23,25.97,31.22,24.85,134.6,5.61,D,Excellent,0,Low,67.06,117.26999999999998,0,132.81,D,1,Inconsistent Learners
1RV21CS016,Aarav Kamble,62.83,20.58,47.87,46.36,44.95,144.62,1.29,C,Warning,65,High,73.4,159.76,1,150.29,C,3,At-Risk Students
1RV21CS017,Siddharth Nair,49.71,34.58,22.08,42.82,42.98,130.33,3.38,D,Critical,40,Moderate,65.91,142.45999999999998,0,134.43,C,1,Inconsistent Learners
1RV21CS018,Ramesh Hegde,59.58,46.17,32.69,26.35,36.18,149.08,2.01,C,Warning,30,Moderate,70.13,141.39000000000001,0,150.16,C,0,Average Performers
1RV21CS019,Shivam Ghosh,99.73,39.5,33.14,35.53,23.63,134.49,2.69,D,Excellent,0,Low,73.52,131.8,0,141.65,D,2,High Achievers
1RV21CS020,Suresh Deshmukh,57.66,26.61,22.13,38.93,26.87,120.71,5.3,D,Warning,40,Moderate,57.61,114.53999999999999,0,122.32,D,1,Inconsistent Learners
1RV21CS021,Arjun Bhattacharya,58.09,40.07,26.43,23.97,48.07,142.31,3.36,C,Warning,30,Moderate,67.86,138.54,0,141.91,C,0,Average Performers
1RV21CS022,Lokesh Banerjee,55.47,22.91,32.93,32.71,34.01,123.02,4.37,D,Warning,55,High,59.38,122.56,1,122.61,D,1,Inconsistent Learners
1RV21CS023,Yogesh Iyer,48.33,41.85,44.02,23.28,25.75,135.3,1.7,C,Critical,40,Moderate,64.47,134.9,0,141.68,C,0,Average Performers
1RV21CS024,Nikhil Pandey,70.44,46.23,22.26,44.24,45.68,151.41,4.26,B,Average,10,Low,77.59,158.41,0,152.04,B,2,High Achievers
1RV21CS025,Prakash Sharma,98.29,47.79,45.46,24.99,34.57,156.25,3.01,B,Excellent,0,Low,82.0,152.81,0,157.61,B,2,High Achievers
1RV21CS026,Vihaan Hegde,65.84,49.56,27.96,43.52,33.65,154.22,5.79,B,Average,0,Low,76.1,154.69000000000003,0,155.5,B,2,High Achievers
1RV21CS027,Ramesh Bhat,84.51,24.64,28.9,49.06,37.38,138.42,4.74,C,Good,25,Moderate,71.74,139.98,0,136.43,C,3,At-Risk Students
1RV21CS028,Vihaan Patel,77.13,35.09,45.58,24.72,48.82,146.84,1.93,C,Good,10,Low,76.21,154.21,0,148.35,B,0,Average Performers
1RV21CS029,Tarun Gupta,82.14,27.06,23.6,46.71,27.39,127.02,4.1,D,Good,10,Low,66.09,124.76,0,128.45,D,1,Inconsistent Learners
1RV21CS030,Ajay Bhat,77.1,35.68,48.04,26.13,41.49,147.07,2.98,C,Good,0,Low,75.42,151.34,0,150.28,C,3,At-Risk Students
1RV21CS031,Chirag Tiwari,61.5,29.49,42.56,22.18,33.75,137.61,5.98,C,Warning,30,Moderate,63.96,127.97999999999999,0,125.43,C,3,At-Risk Students
1RV21CS032,Arjun Chavan,56.72,27.96,48.0,46.43,46.38,154.93,1.79,B,Warning,40,Moderate,76.39,168.77,0,152.68,B,0,Average Performers
1RV21CS033,Prakash Sinha,61.64,49.52,44.21,35.87,40.04,169.36,5.66,A,Warning,30,Moderate,80.87,169.64,0,168.0,A,2,High Achievers
1RV21CS034,Krishna Joshi,59.55,46.69,42.27,24.66,28.45,138.83,2.71,C,Warning,30,Moderate,69.61,142.07,0,150.17,C,0,Average Performers
1RV21CS035,Dev Tripathi,91.91,35.16,27.53,47.24,21.52,137.72,5.15,C,Excellent,0,Low,71.66,131.45000000000002,0,137.74,C,2,High Achievers
1RV21CS036,Aditya Sharma,63.35,23.92,49.39,24.85,33.26,132.33,3.8,D,Warning,55,High,64.41,131.42,1,131.43,D,3,At-Risk Students
1RV21CS037,Rohan Gupta,96.98,40.73,24.47,21.08,31.08,131.63,3.15,D,Excellent,10,Low,68.55,117.35999999999999,0,134.63,D,2,High Achievers
1RV21CS038,Aditya Mishra,65.06,47.99,49.17,21.2,30.73,156.07,4.33,B,Average,0,Low,74.24,149.09,0,156.93,B,0,Average Performers
1RV21CS039,Varun Deshmukh,93.63,32.19,38.62,24.64,47.9,155.9,5.88,B,Excellent,0,Low,76.64,143.35,0,150.22,B,3,At-Risk Students
1RV21CS040,Nikhil Banerjee,46.36,42.1,29.97,47.92,44.07,164.26,5.05,B,Critical,30,Moderate,75.02,164.06,0,152.53,B,0,Average Performers
1RV21CS041,Praveen Hegde,88.31,23.24,46.17,45.76,26.67,144.85,3.3,C,Excellent,25,Moderate,73.4,141.83999999999997,0,141.9,C,3,At-Risk Students
1RV21CS042,Shivam Malhotra,57.26,39.8,31.95,28.36,22.08,129.96,2.76,D,Warning,30,Moderate,61.84,122.19,0,129.73,D,0,Average Performers
1RV21CS043,Naresh Ghosh,82.37,45.31,29.93,20.83,46.31,146.27,3.9,C,Good,0,Low,74.69,142.38,0,149.47,C,2,High Achievers
1RV21CS044,Manoj Reddy,50.96,33.04,41.86,29.41,38.19,138.51,2.93,C,Warning,30,Moderate,66.63,142.5,0,140.39,C,0,Average Performers
1RV21CS045,Siddharth Naidu,59.01,41.26,20.05,47.77,36.15,147.72,4.71,C,Warning,40,Moderate,70.58,145.23000000000002,0,145.17,C,1,Inconsistent Learners
1RV21CS046,Chirag Naidu,65.03,22.1,39.93,29.91,29.42,125.85,4.6,D,Average,25,Moderate,61.06,121.36,0,125.59,D,3,At-Risk Students
1RV21CS047,Shivam Bhattacharya,62.01,32.25,32.07,28.87,23.82,116.81,5.7,F,Warning,55,High,59.49,117.00999999999999,1,125.43,F,1,Inconsistent Learners
1RV21CS048,Dev Rao,78.85,29.03,36.44,20.01,28.61,118.11,3.9,F,Good,25,Moderate,61.76,114.09,0,117.62,F,1,Inconsistent Learners
1RV21CS049,Yogesh Singh,70.57,33.26,26.41,34.2,47.04,147.35,1.85,C,Average,10,Low,70.76,140.91,0,143.81,C,1,Inconsistent Learners
1RV21CS050,Sai Dubey,73.35,38.99,30.06,44.55,42.53,158.42,2.12,B,Average,0,Low,77.29,156.13,0,154.32,B,2,High Achievers
1RV21CS051,Amit Shetty,46.34,27.35,34.25,45.49,22.18,119.58,4.15,F,Critical,55,High,59.75,129.27,1,122.8,F,1,Inconsistent Learners
1RV21CS052,Amit Sinha,83.3,34.83,27.32,39.68,20.17,131.26,4.85,D,Good,0,Low,66.59,122.0,0,129.98,D,1,Inconsistent Learners
1RV21CS053,Krishna Mukherjee,57.04,44.12,40.88,33.94,36.72,162.21,1.61,B,Warning,40,Moderate,74.68,155.66,0,159.72,B,0,Average Performers
1RV21CS054,Rahul Menon,81.72,49.64,37.86,48.5,46.74,184.47,4.6,A,Good,0,Low,89.97,182.74,0,179.83,A,2,High Achievers
1RV21CS055,Naresh Mukherjee,90.68,36.44,46.92,42.31,34.24,155.02,2.24,B,Excellent,0,Low,81.38,159.91,0,154.84,B,2,High Achievers
1RV21CS056,Vivek Pandey,87.12,35.64,38.8,28.24,22.32,126.8,2.36,D,Excellent,0,Low,68.0,125.0,0,138.38,D,3,At-Risk Students
1RV21CS057,Yash Chavan,49.43,24.52,31.49,24.58,26.42,103.78,2.65,F,Critical,80,Critical,52.22,107.01,1,106.58,F,1,Inconsistent Learners
1RV21CS058,Gokul Banerjee,48.42,44.99,31.68,43.09,48.38,153.11,5.4,B,Critical,30,Moderate,76.11,168.14000000000001,0,154.21,B,0,Average Performers
1RV21CS059,Siddharth Bose,71.23,48.28,28.96,31.7,46.75,166.33,3.69,A,Average,0,Low,78.26,155.69,0,164.06,A,2,High Achievers
1RV21CS060,Shreyas Chavan,88.99,46.93,34.65,28.19,34.57,150.46,4.34,B,Excellent,0,Low,77.08,144.34,0,152.28,B,2,High Achievers
1RV21CS061,Akash Paul,54.08,34.02,23.83,38.67,20.81,114.38,3.82,F,Warning,65,High,58.0,117.33000000000001,1,119.06,F,1,Inconsistent Learners
1RV21CS062,Vivaan Nair,80.35,24.07,33.85,21.51,31.37,109.56,2.63,F,Good,50,High,59.93,110.80000000000001,1,112.71,F,1,Inconsistent Learners
1RV21CS063,Tanmay Bose,60.3,48.54,32.65,45.05,34.11,163.64,1.26,B,Warning,40,Moderate,77.29,160.35,0,162.08,B,0,Average Performers
1RV21CS064,Varun Malhotra,80.76,43.44,39.55,42.63,48.49,167.39,1.1,A,Good,10,Low,85.28,174.11,0,161.73,A,2,High Achievers
1RV21CS065,Karthik Kapoor,51.94,40.08,36.92,26.54,40.98,148.82,1.84,C,Warning,40,Moderate,68.91,144.51999999999998,0,146.78,C,0,Average Performers
1RV21CS066,Tarun Sinha,51.3,44.58,48.94,23.24,20.77,134.11,4.39,D,Warning,30,Moderate,66.04,137.53,0,137.36,D,0,Average Performers
1RV21CS067,Abhishek Ghosh,96.78,25.95,37.76,44.92,27.29,140.65,2.51,C,Excellent,0,Low,73.28,135.92,0,137.56,C,3,At-Risk Students
1RV21CS068,Dev Kamble,89.3,43.89,36.98,21.23,35.98,150.59,1.34,B,Excellent,10,Low,74.97,138.08,0,152.93,C,2,High Achievers
1RV21CS069,Yogesh Yadav,45.7,32.6,34.71,33.01,30.87,134.75,3.3,D,Critical,30,Moderate,61.86,131.19,0,128.4,D,0,Average Performers
1RV21CS070,Karthik Mukherjee,54.69,35.65,39.51,38.48,47.59,160.59,3.32,B,Warning,30,Moderate,74.92,161.23,0,149.25,B,0,Average Performers
1RV21CS071,Raghav Patil,59.76,45.55,44.92,22.6,46.45,155.05,3.32,B,Warning,30,Moderate,75.99,159.51999999999998,0,161.26,B,0,Average Performers
1RV21CS072,Vikram Bhat,65.84,20.86,45.53,25.46,26.36,122.13,2.7,D,Average,25,Moderate,59.88,118.21,0,120.75,D,3,At-Risk Students
1RV21CS073,Tarun Shekhar,93.41,36.67,35.5,25.73,27.24,131.74,3.78,D,Excellent,0,Low,69.77,125.14,0,135.16,D,3,At-Risk Students
1RV21CS074,Harsha Shekhar,71.19,41.36,33.45,20.52,28.83,129.03,2.22,D,Average,0,Low,65.3,124.16,0,139.09,C,0,Average Performers
1RV21CS075,Chirag Patil,65.3,36.6,30.31,49.9,36.51,146.05,3.27,C,Average,0,Low,73.67,153.32,0,146.19,C,0,Average Performers
1RV21CS076,Shivam Agarwal,57.68,41.64,29.47,42.29,48.53,162.16,1.96,B,Warning,40,Moderate,76.44,161.93,0,151.31,B,0,Average Performers
1RV21CS077,Shreyas Varma,60.21,37.69,42.81,37.9,49.42,169.18,2.48,A,Warning,30,Moderate,78.85,167.82,0,152.26,B,0,Average Performers
1RV21CS078,Suraj Rao,61.62,41.24,23.8,21.37,21.64,111.13,5.72,F,Warning,65,High,57.2,108.05000000000001,1,128.92,D,1,Inconsistent Learners
1RV21CS079,Vivek Chatterjee,50.64,20.37,28.53,34.36,30.22,117.96,2.26,F,Warning,80,Critical,55.06,113.48,1,118.8,F,1,Inconsistent Learners
1RV21CS080,Lokesh Kulkarni,90.22,32.02,22.22,38.88,21.61,113.89,3.81,F,Excellent,35,Moderate,64.21,114.73,0,125.79,F,1,Inconsistent Learners
1RV21CS081,Shivam Nair,99.67,23.55,42.93,38.19,43.72,143.13,3.61,C,Excellent,25,Moderate,77.54,148.39,0,144.19,C,3,At-Risk Students
1RV21CS082,Dinesh Pillai,61.35,37.66,32.86,37.06,21.81,138.52,1.5,C,Warning,40,Moderate,65.24,129.39,0,137.05,C,0,Average Performers
1RV21CS083,Tanmay Choudhary,79.4,27.94,22.44,27.2,36.56,112.43,3.04,F,Good,35,Moderate,61.35,114.14,0,118.43,D,1,Inconsistent Learners
1RV21CS084,Hemant Kamble,70.85,20.98,28.64,28.48,45.79,114.83,2.17,F,Average,50,High,62.05,123.89000000000001,1,119.11,F,1,Inconsistent Learners
1RV21CS085,Manoj Tripathi,77.44,44.12,25.93,23.44,26.74,122.63,2.33,D,Good,0,Low,65.17,120.22999999999999,0,139.49,D,1,Inconsistent Learners
1RV21CS086,Karthik Gupta,48.28,43.78,37.85,44.73,47.64,165.44,3.34,A,Critical,30,Moderate,78.64,174.0,0,163.12,B,0,Average Performers
1RV21CS087,Shivam Shekhar,67.14,28.17,36.2,33.13,37.94,141.32,4.67,C,Average,0,Low,67.48,135.44,0,135.49,C,3,At-Risk Students
1RV21CS088,Tarun Agarwal,46.42,26.87,40.23,45.82,37.61,130.05,4.82,D,Critical,30,Moderate,66.88,150.52999999999997,0,135.13,C,1,Inconsistent Learners
1RV21CS089,Praveen Sawant,47.21,42.69,34.12,39.55,47.48,152.01,3.93,B,Critical,30,Moderate,74.26,163.84,0,153.14,B,0,Average Performers
1RV21CS090,Vivek Chatterjee,98.3,34.1,32.25,29.63,23.14,121.16,3.06,D,Excellent,0,Low,67.89,119.11999999999999,0,124.11,D,1,Inconsistent Learners
1RV21CS091,Mahesh Dubey,81.44,32.01,42.81,21.1,22.64,119.14,1.58,F,Good,35,Moderate,63.99,118.55999999999999,0,129.91,F,3,At-Risk Students
1RV21CS092,Akash Bhattacharya,90.37,20.03,46.08,33.86,21.63,122.51,4.11,D,Excellent,25,Moderate,65.75,121.6,0,125.58,D,3,At-Risk Students
1RV21CS093,Mahesh Tripathi,69.31,21.55,28.01,23.93,28.64,112.27,3.42,F,Average,50,High,55.08,102.13000000000001,1,110.03,F,1,Inconsistent Learners
1RV21CS094,Vivaan Tripathi,78.49,27.18,24.75,36.53,36.57,118.46,5.96,F,Good,35,Moderate,64.81,125.03,0,132.98,F,1,Inconsistent Learners
1RV21CS095,Rohan Menon,97.09,39.43,24.62,47.98,28.76,150.01,3.08,B,Excellent,10,Low,76.85,140.79,0,147.2,B,2,High Achievers
1RV21CS096,Lokesh Varma,58.41,36.54,31.51,47.66,35.25,153.41,5.32,B,Warning,30,Moderate,72.13,150.95999999999998,0,150.41,C,0,Average Performers
1RV21CS097,Praveen Banerjee,63.69,43.63,28.02,20.08,41.78,145.92,3.9,C,Warning,30,Moderate,68.1,133.51,0,146.06,C,0,Average Performers
1RV21CS098,Chirag Chatterjee,92.59,33.4,34.53,29.97,42.89,143.35,5.66,C,Excellent,0,Low,74.85,140.79000000000002,0,142.8,C,3,At-Risk Students
1RV21CS099,Amit Shekhar,58.13,31.49,45.68,32.32,29.55,134.64,5.57,D,Warning,30,Moderate,66.59,139.04000000000002,0,135.89,D,3,At-Risk Students
1RV21CS100,Abhishek Bose,99.36,43.77,39.56,24.56,48.94,157.81,5.83,B,Excellent,0,Low,83.13,156.83,0,158.35,B,2,High Achievers
1RV21CS101,Tejas Iyer,93.08,33.21,35.78,33.71,41.67,146.39,4.27,C,Excellent,0,Low,76.23,144.37,0,146.85,C,3,At-Risk Students
1RV21CS102,Karthik Gupta,70.82,49.08,30.16,40.78,39.5,168.32,5.26,A,Average,0,Low,79.55,159.51999999999998,0,159.27,A,2,High Achievers
1RV21CS103,Prakash Bose,97.48,38.8,46.62,34.64,36.23,162.56,2.17,B,Excellent,0,Low,82.45,156.29,0,159.47,B,2,High Achievers
1RV21CS104,Dev Dubey,99.86,42.4,33.02,22.95,39.01,155.89,3.22,B,Excellent,0,Low,77.12,137.38,0,154.34,B,2,High Achievers
1RV21CS105,Hemant Mishra,94.69,21.38,43.88,28.8,31.25,120.89,3.66,D,Excellent,25,Moderate,67.74,125.31,0,124.98,D,3,At-Risk Students
1RV21CS106,Siddharth Gowda,88.59,25.1,22.37,46.13,38.59,127.57,5.56,D,Excellent,10,Low,69.45,132.19,0,130.93,D,1,Inconsistent Learners
1RV21CS107,Karthik Malhotra,70.36,27.62,27.66,20.28,44.14,131.29,4.39,D,Average,0,Low,62.59,119.7,0,126.63,F,1,Inconsistent Learners
1RV21CS108,Vishal Gupta,69.3,30.37,37.63,39.17,32.73,132.29,5.23,D,Average,0,Low,68.79,139.9,0,133.73,D,3,At-Risk Students
1RV21CS109,Amit Bose,91.93,23.2,31.44,30.77,28.88,122.89,1.11,D,Excellent,35,Moderate,64.21,114.28999999999999,0,120.82,D,1,Inconsistent Learners
1RV21CS110,Chirag Ghosh,60.1,36.98,40.57,42.34,21.47,139.94,3.48,C,Warning,30,Moderate,68.62,141.36,0,141.08,C,0,Average Performers
1RV21CS111,Sanjay Malhotra,78.39,30.57,39.1,38.63,40.33,151.4,4.3,B,Good,0,Low,74.68,148.63,0,149.39,B,3,At-Risk Students
1RV21CS112,Rahul Tripathi,50.34,38.82,21.18,43.66,21.0,120.36,1.66,D,Warning,50,High,60.38,124.66,1,127.66,C,1,Inconsistent Learners
1RV21CS113,Sanjay Singh,86.11,25.27,23.96,36.18,49.14,136.88,5.57,C,Excellent,10,Low,70.38,134.55,0,136.59,C,1,Inconsistent Learners
1RV21CS114,Vishal Agarwal,95.27,48.33,49.02,28.85,46.11,184.04,3.34,A,Excellent,0,Low,89.38,172.31,0,178.87,A,2,High Achievers
1RV21CS115,Arjun Shetty,86.48,26.77,40.29,40.23,31.92,145.46,3.79,C,Excellent,0,Low,72.65,139.20999999999998,0,141.22,C,3,At-Risk Students
1RV21CS116,Sai Ghosh,45.77,36.1,33.64,40.18,40.17,145.36,5.11,C,Critical,30,Moderate,68.69,150.09000000000003,0,145.25,C,0,Average Performers
1RV21CS117,Suraj Iyer,82.12,34.14,38.59,48.3,29.84,151.13,4.24,B,Good,0,Low,76.43,150.87,0,146.18,B,3,At-Risk Students
1RV21CS118,Vivek Menon,95.02,29.07,32.25,24.19,48.39,136.26,3.46,C,Excellent,0,Low,72.3,133.9,0,133.74,D,3,At-Risk Students
1RV21CS119,Krishna Kapoor,93.8,24.07,33.61,40.11,42.29,149.59,3.1,C,Excellent,25,Moderate,74.41,140.07999999999998,0,146.03,C,3,At-Risk Students
1RV21CS120,Shreyas Paul,53.5,32.45,22.97,34.68,32.24,130.34,1.16,D,Warning,50,High,60.42,122.34,1,127.68,D,1,Inconsistent Learners
1RV21CS121,Suraj Choudhary,69.39,48.52,45.66,22.98,40.57,162.12,5.89,B,Average,0,Low,78.21,157.73000000000002,0,162.39,B,2,High Achievers
1RV21CS122,Varun Patel,66.9,25.69,23.66,45.44,33.64,128.48,4.21,D,Average,10,Low,64.11,128.43,0,128.78,D,1,Inconsistent Learners
1RV21CS123,Tarun Verma,47.78,30.01,49.66,43.61,26.16,145.96,3.77,C,Critical,30,Moderate,68.34,149.44,0,143.73,C,0,Average Performers
1RV21CS124,Suresh Choudhary,89.72,26.99,43.23,43.66,37.88,145.12,5.92,C,Excellent,0,Low,77.05,151.76,0,145.3,C,3,At-Risk Students
1RV21CS125,Rahul Chavan,58.79,25.23,39.83,20.77,20.45,112.64,2.19,F,Warning,55,High,54.61,106.28,1,117.47,F,1,Inconsistent Learners
1RV21CS126,Yash Verma,54.58,21.57,42.25,35.78,42.37,133.3,4.89,D,Warning,55,High,65.66,141.97,1,136.15,D,3,At-Risk Students
1RV21CS127,Naresh Patil,51.0,35.12,48.36,21.3,43.5,152.43,3.61,B,Warning,30,Moderate,69.63,148.27999999999997,0,150.84,B,0,Average Performers
1RV21CS128,Gokul Tiwari,98.02,21.82,34.37,32.05,40.58,132.05,5.55,D,Excellent,25,Moderate,70.34,128.82,0,132.36,D,3,At-Risk Students
1RV21CS129,Arjun Nair,62.72,24.45,23.79,38.73,37.56,126.07,2.9,D,Warning,65,High,61.8,124.53,1,128.05,C,1,Inconsistent Learners
1RV21CS130,Tarun Thakur,61.22,35.17,32.91,43.79,23.43,135.61,5.39,C,Warning,30,Moderate,66.52,135.3,0,135.05,C,1,Inconsistent Learners
1RV21CS131,Ramesh Paul,92.6,32.9,46.64,32.41,44.82,156.31,4.65,B,Excellent,0,Low,80.56,156.76999999999998,0,155.99,B,3,At-Risk Students
1RV21CS132,Yash Mukherjee,62.19,27.65,48.61,40.6,34.23,135.56,1.43,C,Warning,40,Moderate,70.7,151.08999999999997,0,141.64,C,0,Average Performers
1RV21CS133,Arvind Iyer,85.95,31.18,23.9,21.8,48.7,134.05,4.35,D,Excellent,10,Low,68.04,125.58,0,132.4,D,1,Inconsistent Learners
1RV21CS134,Ajay Kumar,93.05,48.23,32.69,47.48,21.54,151.01,2.56,B,Excellent,0,Low,79.74,149.93999999999997,0,150.57,B,2,High Achievers
1RV21CS135,Krishna Sawant,72.91,24.64,34.47,45.42,30.5,132.1,1.57,D,Average,35,Moderate,67.46,135.03,0,131.11,D,1,Inconsistent Learners
1RV21CS136,Praveen Sawant,57.44,32.87,36.83,43.02,38.65,148.79,3.78,C,Warning,30,Moderate,71.35,151.37,0,146.0,C,0,Average Performers
1RV21CS137,Tarun Bhat,90.62,28.02,25.41,41.08,29.27,123.97,1.03,D,Excellent,10,Low,67.36,123.77999999999999,0,125.42,D,1,Inconsistent Learners
1RV21CS138,Karthik Sawant,81.15,22.09,42.23,49.15,22.75,132.01,2.88,D,Good,25,Moderate,69.21,136.22,0,132.83,D,3,At-Risk Students
1RV21CS139,Gokul Yadav,53.66,29.35,29.73,48.24,37.89,145.27,1.78,C,Warning,40,Moderate,68.13,145.20999999999998,0,142.96,C,0,Average Performers
1RV21CS140,Tanmay Saxena,47.74,22.45,33.29,32.72,38.21,118.7,2.08,F,Critical,80,Critical,58.7,126.66999999999999,1,121.9,F,1,Inconsistent Learners
1RV21CS141,Naresh Kulkarni,63.98,23.33,40.35,37.79,35.81,127.92,2.1,D,Warning,55,High,65.91,137.28,1,131.55,D,1,Inconsistent Learners
1RV21CS142,Tarun Patel,45.42,29.04,26.34,24.12,27.67,103.35,1.04,F,Critical,65,High,51.89,107.17,1,106.45,F,1,Inconsistent Learners
1RV21CS143,Shreyas Mukherjee,54.66,31.41,41.11,35.01,45.0,152.64,1.36,B,Warning,40,Moderate,71.28,152.53,0,149.97,B,0,Average Performers
1RV21CS144,Shreyas Reddy,68.99,33.79,22.34,29.39,32.88,120.47,4.2,D,Average,10,Low,61.73,118.4,0,123.09,D,1,Inconsistent Learners
1RV21CS145,Sanjay Kulkarni,67.28,48.99,25.16,48.43,33.8,160.49,2.81,B,Average,0,Low,77.31,156.38,0,158.61,B,2,High Achievers
1RV21CS146,Arvind Iyer,58.38,37.67,35.72,31.87,29.31,130.93,2.67,D,Warning,30,Moderate,65.63,134.57,0,133.46,D,0,Average Performers
1RV21CS147,Vishal Gupta,73.08,23.42,35.3,47.18,30.48,135.97,5.09,C,Average,25,Moderate,68.07,136.38,0,134.71,D,3,At-Risk Students
1RV21CS148,Karthik Kapoor,50.65,27.68,25.2,24.59,42.77,110.72,5.76,F,Warning,55,High,57.27,120.24000000000001,1,116.04,F,1,Inconsistent Learners
1RV21CS149,Vivek Chatterjee,70.52,36.91,37.38,40.43,46.46,161.27,5.93,B,Average,0,Low,78.24,161.18,0,157.1,B,2,High Achievers
1RV21CS150,Yash Tripathi,62.39,33.19,34.07,38.94,43.89,148.15,2.76,C,Warning,30,Moderate,71.94,150.08999999999997,0,146.87,C,0,Average Performers
1RV21CS151,Arjun Mishra,70.4,21.13,31.06,28.61,39.34,129.26,1.45,D,Average,35,Moderate,61.93,120.14,0,127.04,D,1,Inconsistent Learners
1RV21CS152,Tarun Bhattacharya,66.15,37.41,48.63,42.17,21.23,153.83,3.86,B,Average,0,Low,73.34,149.43999999999997,0,150.99,B,0,Average Performers
1RV21CS153,Amit Singh,78.28,35.04,48.73,33.52,44.33,166.8,5.91,A,Good,0,Low,80.16,161.62,0,163.32,B,3,At-Risk Students
1RV21CS154,Sai Bhattacharya,80.54,21.17,41.23,49.73,35.72,143.65,2.82,C,Good,25,Moderate,73.35,147.85,0,139.29,C,3,At-Risk Students
1RV21CS155,Sanjay Bose,67.48,30.15,37.94,43.68,39.42,137.4,1.47,C,Average,10,Low,72.17,151.19,0,144.92,C,0,Average Performers
1RV21CS156,Dev Bose,60.63,41.71,39.7,47.19,46.2,165.22,3.91,A,Warning,30,Moderate,81.13,174.8,0,157.86,A,0,Average Performers
1RV21CS157,Karthik Kumar,62.06,39.68,39.86,23.87,41.27,137.46,3.79,C,Warning,30,Moderate,70.09,144.68,0,140.57,C,0,Average Performers
1RV21CS158,Yogesh Yadav,89.73,40.1,44.87,42.16,40.56,168.51,4.23,A,Excellent,0,Low,84.9,167.69,0,165.03,A,2,High Achievers
1RV21CS159,Arvind Bhattacharya,64.9,30.88,25.41,26.43,48.43,132.18,2.13,D,Warning,30,Moderate,65.33,131.15,0,130.81,D,1,Inconsistent Learners
1RV21CS160,Rahul Shetty,49.24,45.33,23.03,43.13,45.05,161.08,1.19,B,Critical,50,High,73.42,156.54000000000002,1,157.07,B,0,Average Performers
1RV21CS161,Tejas Saxena,52.21,31.3,24.87,44.94,43.13,144.35,1.83,C,Warning,50,High,67.67,144.24,1,140.95,C,1,Inconsistent Learners
1RV21CS162,Dinesh Reddy,67.6,40.29,27.13,33.33,28.55,137.57,3.24,C,Average,0,Low,66.66,129.3,0,137.36,C,1,Inconsistent Learners
1RV21CS163,Prakash Kapoor,62.02,44.26,34.07,45.05,31.04,161.19,5.92,B,Warning,30,Moderate,75.25,154.42,0,157.56,B,2,High Achievers
1RV21CS164,Gokul Dubey,87.8,35.09,32.56,24.86,25.99,128.6,5.37,D,Excellent,0,Low,66.26,118.5,0,128.32,D,3,At-Risk Students
1RV21CS165,Vihaan Tiwari,71.43,31.14,48.03,41.34,35.48,143.44,1.42,C,Average,10,Low,74.95,155.99,0,145.79,C,0,Average Performers
1RV21CS166,Vishal Pandey,69.71,35.4,44.93,22.75,47.32,157.21,5.42,B,Average,0,Low,74.39,150.4,0,154.73,B,3,At-Risk Students
1RV21CS167,Vivaan Banerjee,47.93,35.06,27.07,49.84,31.25,126.89,5.65,D,Critical,30,Moderate,65.57,143.22,0,129.08,D,1,Inconsistent Learners
1RV21CS168,Kiran Tiwari,63.44,24.38,21.15,47.52,34.17,129.5,4.79,D,Warning,65,High,63.0,127.22000000000001,1,129.47,D,1,Inconsistent Learners
1RV21CS169,Lokesh Pillai,78.84,47.18,20.57,26.47,24.49,138.21,4.04,C,Good,10,Low,66.46,118.71,0,139.37,D,2,High Achievers
1RV21CS170,Arvind Kulkarni,87.69,27.13,23.66,27.15,39.17,125.74,1.31,D,Excellent,20,Low,64.81,117.11,0,127.11,D,1,Inconsistent Learners
1RV21CS171,Mahesh Kamble,74.48,38.96,37.25,41.56,28.74,136.44,2.76,C,Average,0,Low,72.98,146.51000000000002,0,141.03,C,0,Average Performers
1RV21CS172,Siddharth Banerjee,55.3,40.05,35.7,30.82,48.6,153.88,4.93,B,Warning,30,Moderate,73.16,155.17,0,150.24,B,0,Average Performers
1RV21CS173,Naresh Deshmukh,46.12,46.2,21.31,31.61,31.2,136.87,2.79,C,Critical,40,Moderate,63.21,130.32,0,139.7,C,0,Average Performers
1RV21CS174,Arjun Kumar,58.26,39.71,23.11,37.46,42.7,135.11,2.76,C,Warning,40,Moderate,68.65,142.98000000000002,0,142.66,C,1,Inconsistent Learners
1RV21CS175,Tejas Tiwari,54.63,43.37,33.94,40.86,38.95,160.01,1.32,B,Warning,40,Moderate,74.4,157.12,0,158.8,B,0,Average Performers
1RV21CS176,Gokul Reddy,61.14,21.31,25.98,21.26,48.0,116.97,5.95,F,Warning,80,Critical,58.1,116.55,1,117.94,F,1,Inconsistent Learners
1RV21CS177,Prakash Varma,58.93,42.6,25.73,30.71,43.43,151.39,2.66,B,Warning,30,Moderate,70.14,142.47,0,148.46,B,0,Average Performers
1RV21CS178,Rohan Das,69.03,32.0,33.19,48.69,30.17,133.73,4.46,D,Average,0,Low,70.25,144.05,0,135.03,D,1,Inconsistent Learners
1RV21CS179,Suraj Thakur,59.67,22.48,32.73,32.92,49.85,126.61,2.47,D,Warning,55,High,65.07,137.98,1,127.78,D,1,Inconsistent Learners
1RV21CS180,Krishna Nair,63.04,28.87,33.38,41.53,25.0,124.41,3.24,D,Warning,30,Moderate,63.46,128.78,0,125.1,C,1,Inconsistent Learners
1RV21CS181,Raghav Kumar,78.82,33.05,39.18,43.74,21.72,140.36,3.03,C,Good,0,Low,70.9,137.69,0,142.15,C,3,At-Risk Students
1RV21CS182,Naresh Gowda,53.8,20.93,45.46,40.34,33.15,122.84,2.18,D,Warning,55,High,64.03,139.88,1,124.94,D,3,At-Risk Students
1RV21CS183,Yogesh Das,64.92,48.48,20.97,24.6,33.5,132.73,3.22,D,Warning,40,Moderate,66.05,127.54999999999998,0,147.98,D,1,Inconsistent Learners
1RV21CS184,Arjun Sawant,52.57,31.01,29.43,28.36,48.82,125.58,1.93,D,Warning,40,Moderate,64.32,137.62,0,128.48,D,1,Inconsistent Learners
1RV21CS185,Pavan Bose,95.24,23.53,43.25,41.12,26.44,136.7,4.47,C,Excellent,25,Moderate,71.96,134.34,0,136.62,C,3,At-Risk Students
1RV21CS186,Mahesh Naidu,51.75,45.58,33.56,46.96,33.35,146.54,4.41,C,Warning,30,Moderate,73.73,159.45,0,155.94,C,0,Average Performers
1RV21CS187,Yash Bhat,64.11,21.95,36.27,46.74,45.54,146.12,5.64,C,Warning,55,High,71.13,150.5,1,143.52,C,3,At-Risk Students
1RV21CS188,Vivek Rao,88.65,35.26,23.64,26.03,24.17,124.74,1.13,D,Excellent,20,Low,63.34,109.10000000000001,0,125.86,D,1,Inconsistent Learners
1RV21CS189,Ramesh Sawant,65.29,44.11,36.55,38.36,22.59,138.6,6.0,C,Average,0,Low,70.35,141.60999999999999,0,140.5,C,2,High Achievers
1RV21CS190,Raghav Varma,73.91,43.07,44.7,22.21,49.17,164.87,3.25,B,Average,0,Low,79.2,159.15000000000003,0,162.83,B,2,High Achievers
1RV21CS191,Dev Thakur,63.95,46.34,43.41,39.19,25.46,162.8,3.16,B,Warning,30,Moderate,75.95,154.4,0,159.86,C,0,Average Performers
1RV21CS192,Vihaan Kulkarni,73.5,29.12,24.86,48.04,26.76,136.19,3.59,C,Average,10,Low,66.46,128.78,0,133.52,C,1,Inconsistent Learners
1RV21CS193,Sanjay Nair,58.78,39.05,36.53,23.76,29.08,131.31,3.51,D,Warning,30,Moderate,64.04,128.42000000000002,0,131.78,D,0,Average Performers
1RV21CS194,Vishal Patil,96.79,24.63,39.76,41.62,38.15,151.04,3.82,B,Excellent,25,Moderate,76.4,144.16,0,143.46,B,3,At-Risk Students
1RV21CS195,Vivaan Nair,47.5,39.24,37.3,39.53,43.01,151.14,4.19,B,Critical,30,Moderate,72.48,159.07999999999998,0,148.31,B,0,Average Performers
1RV21CS196,Mahesh Tripathi,75.01,39.26,29.06,27.35,44.22,142.43,3.27,C,Good,0,Low,71.58,139.89,0,142.88,C,2,High Achievers
1RV21CS197,Hemant Patel,53.69,32.47,33.93,30.21,24.31,127.1,2.6,D,Warning,30,Moderate,59.79,120.92000000000002,0,126.52,D,1,Inconsistent Learners
1RV21CS198,Varun Ghosh,52.19,31.12,36.85,29.57,33.99,123.9,2.24,D,Warning,30,Moderate,62.3,131.53,0,125.73,D,1,Inconsistent Learners
1RV21CS199,Krishna Patel,60.96,31.52,38.46,27.45,45.96,134.56,2.64,D,Warning,30,Moderate,68.45,143.39000000000001,0,138.75,D,0,Average Performers
1RV21CS200,Siddharth Paul,62.2,42.89,34.95,35.44,34.96,144.31,1.12,C,Warning,40,Moderate,72.02,148.24,0,147.78,B,0,Average Performers
1RV21CS201,Akash Bhattacharya,70.15,27.22,37.5,21.46,28.44,119.26,5.21,F,Average,25,Moderate,60.08,114.62,0,117.93,F,3,At-Risk Students
1RV21CS202,Dev Varma,60.72,20.25,23.22,24.02,27.93,94.29,3.02,F,Warning,90,Critical,49.87,95.41999999999999,1,99.72,F,1,Inconsistent Learners
1RV21CS203,Aditya Ghosh,47.81,36.85,30.88,28.66,31.59,125.99,3.75,D,Critical,30,Moderate,61.09,127.98,0,126.08,D,1,Inconsistent Learners
1RV21CS204,Vikram Gowda,78.61,23.86,22.9,31.2,49.6,130.31,2.83,D,Good,35,Moderate,66.15,127.56,0,128.02,D,1,Inconsistent Learners
1RV21CS205,Karthik Naidu,78.14,32.04,21.21,21.17,41.41,129.21,3.6,D,Good,10,Low,63.27,115.83,0,125.74,D,1,Inconsistent Learners
1RV21CS206,Karthik Kamble,94.12,24.19,47.94,29.56,31.79,137.84,5.21,C,Excellent,25,Moderate,71.62,133.48,0,136.56,C,3,At-Risk Students
1RV21CS207,Suresh Yadav,72.9,35.29,34.7,36.89,34.25,131.67,2.66,D,Average,0,Low,70.32,141.13,0,135.04,D,1,Inconsistent Learners
1RV21CS208,Rohan Banerjee,77.1,43.9,41.76,40.64,20.8,148.17,5.84,C,Good,0,Low,75.05,147.1,0,147.29,C,2,High Achievers
1RV21CS209,Suresh Sawant,57.51,21.54,34.41,35.73,41.64,132.86,2.9,D,Warning,55,High,63.62,133.32,1,133.69,D,1,Inconsistent Learners
1RV21CS210,Dev Kapoor,46.74,48.45,23.3,20.57,29.41,120.02,4.45,D,Critical,40,Moderate,59.71,121.72999999999999,0,145.94,D,1,Inconsistent Learners
1RV21CS211,Ajay Bhattacharya,87.62,47.62,46.18,42.08,21.87,153.51,2.04,B,Excellent,0,Low,81.12,157.75,0,153.25,B,2,High Achievers
1RV21CS212,Yash Bhat,71.31,31.3,48.7,33.79,35.99,147.75,4.38,C,Average,0,Low,73.41,149.78,0,148.29,C,3,At-Risk Students
1RV21CS213,Raghav Gowda,80.38,40.8,38.3,25.77,27.4,139.54,2.12,C,Good,0,Low,70.3,132.26999999999998,0,141.1,C,0,Average Performers
1RV21CS214,Shivam Dubey,83.77,40.71,34.67,34.39,36.81,159.23,4.61,B,Good,0,Low,76.74,146.57999999999998,0,155.07,B,2,High Achievers
1RV21CS215,Sanjay Kulkarni,76.54,36.3,46.87,31.84,30.35,151.43,1.73,B,Good,10,Low,73.9,145.35999999999999,0,149.05,C,0,Average Performers
1RV21CS216,Aditya Dubey,97.54,22.37,47.72,39.68,42.42,144.76,5.14,C,Excellent,25,Moderate,78.26,152.19,0,146.15,C,3,At-Risk Students
1RV21CS217,Praveen Deshmukh,83.29,24.12,38.47,37.6,27.27,130.64,3.66,D,Good,25,Moderate,67.11,127.46,0,132.34,D,3,At-Risk Students
1RV21CS218,Vivek Malhotra,47.89,32.4,41.52,23.02,43.12,126.7,3.75,D,Critical,30,Moderate,64.34,140.06,0,134.2,D,0,Average Performers
1RV21CS219,Vishal Banerjee,80.91,46.42,34.27,39.52,42.68,161.12,2.43,B,Good,0,Low,81.78,162.89000000000001,0,159.63,B,2,High Achievers
1RV21CS220,Vihaan Nair,80.88,26.97,42.16,45.51,21.12,141.56,3.09,C,Good,0,Low,70.22,135.76,0,138.22,C,3,At-Risk Students
1RV21CS221,Nikhil Reddy,99.84,31.91,34.86,48.1,48.86,172.31,5.38,A,Excellent,0,Low,85.2,163.73000000000002,0,162.64,A,2,High Achievers
1RV21CS222,Aarav Mishra,76.24,23.22,49.49,28.54,49.67,148.25,3.47,C,Good,25,Moderate,73.96,150.92000000000002,0,148.99,C,3,At-Risk Students
1RV21CS223,Rahul Bhattacharya,70.74,25.78,23.38,24.87,33.77,106.74,1.93,F,Average,45,Moderate,57.07,107.80000000000001,0,108.33,F,1,Inconsistent Learners
1RV21CS224,Shreyas Yadav,88.49,37.03,42.72,25.26,45.68,163.04,5.13,B,Excellent,0,Low,78.84,150.69,0,158.02,B,2,High Achievers
1RV21CS225,Naresh Singh,49.77,40.08,25.54,24.22,29.71,117.14,2.3,F,Critical,55,High,58.61,119.55000000000001,1,123.51,F,1,Inconsistent Learners
1RV21CS226,Harsha Pillai,86.46,48.62,29.06,41.69,20.34,149.45,4.46,C,Excellent,0,Low,75.28,139.70999999999998,0,148.5,B,2,High Achievers
1RV21CS227,Vihaan Bhat,51.5,29.2,32.16,35.08,46.85,141.86,2.55,C,Warning,30,Moderate,66.85,143.29,0,140.81,C,0,Average Performers
1RV21CS228,Rohan Tripathi,95.39,28.85,38.44,26.57,24.01,117.72,4.74,F,Excellent,25,Moderate,66.15,117.86999999999999,0,120.2,D,3,At-Risk Students
1RV21CS229,Tarun Das,67.87,36.48,34.12,36.13,39.92,140.23,2.24,C,Average,0,Low,71.73,146.64999999999998,0,143.4,C,0,Average Performers
1RV21CS230,Tanmay Kamble,93.02,22.46,33.4,41.11,22.34,122.44,1.31,D,Excellent,35,Moderate,65.83,119.31,0,123.61,D,1,Inconsistent Learners
1RV21CS231,Ramesh Bhattacharya,56.12,36.1,24.94,45.63,33.26,139.98,4.58,C,Warning,40,Moderate,67.31,139.93,0,139.13,C,1,Inconsistent Learners
1RV21CS232,Mahesh Nair,94.44,33.36,21.67,23.96,32.46,123.52,3.79,D,Excellent,10,Low,64.92,111.45000000000002,0,123.16,D,1,Inconsistent Learners
1RV21CS233,Dev Mishra,84.78,31.88,44.49,42.37,37.35,144.98,2.72,C,Good,0,Low,77.84,156.09,0,146.38,C,3,At-Risk Students
1RV21CS234,Arjun Chavan,99.68,48.04,22.07,48.01,20.95,145.88,4.84,C,Excellent,10,Low,77.4,139.07,0,146.92,C,2,High Achievers
1RV21CS235,Yogesh Paul,80.52,32.61,49.79,31.47,46.09,166.71,2.88,A,Good,0,Low,79.86,159.96,0,164.1,B,3,At-Risk Students
1RV21CS236,Dev Bhat,93.1,23.99,45.81,23.56,49.79,143.22,1.64,C,Excellent,35,Moderate,74.71,143.15,0,141.08,C,3,At-Risk Students
1RV21CS237,Deepak Sharma,86.59,49.35,33.89,41.57,32.72,159.78,2.15,B,Excellent,0,Low,81.5,157.53,0,160.39,B,2,High Achievers
1RV21CS238,Gokul Kumar,53.53,25.65,46.26,42.96,20.97,130.64,4.07,D,Warning,30,Moderate,63.82,135.84,0,132.48,D,3,At-Risk Students
1RV21CS239,Vivaan Kapoor,56.33,23.03,21.01,37.93,41.1,110.22,4.7,F,Warning,90,Critical,58.76,123.07,1,128.69,F,1,Inconsistent Learners
1RV21CS240,Akash Pillai,57.89,26.52,45.91,21.69,35.12,122.71,5.08,D,Warning,30,Moderate,62.21,129.23999999999998,0,125.09,D,3,At-Risk Students
1RV21CS241,Raghav Sawant,62.54,37.94,40.18,29.62,29.05,129.92,4.3,D,Warning,30,Moderate,67.08,136.79000000000002,0,132.03,D,0,Average Performers
1RV21CS242,Deepak Banerjee,61.53,21.83,48.46,46.39,47.35,154.88,3.14,B,Warning,55,High,75.31,164.03,1,153.51,C,3,At-Risk Students
1RV21CS243,Mahesh Patel,98.48,48.25,40.14,43.57,29.56,165.14,1.75,A,Excellent,10,Low,85.36,161.52,0,163.29,A,2,High Achievers
1RV21CS244,Abhishek Rao,86.49,34.21,45.48,29.02,41.23,158.27,5.57,B,Excellent,0,Low,77.57,149.94,0,155.33,B,3,At-Risk Students
1RV21CS245,Ramesh Banerjee,98.23,36.72,24.02,27.29,26.1,128.45,5.61,D,Excellent,10,Low,67.19,114.13,0,130.36,D,1,Inconsistent Learners
1RV21CS246,Suraj Nair,74.46,44.88,21.55,31.32,38.15,133.04,1.36,D,Average,20,Low,70.13,135.9,0,137.78,D,1,Inconsistent Learners
1RV21CS247,Tanmay Patil,84.84,36.77,34.38,46.08,29.99,156.98,1.08,B,Good,10,Low,76.58,147.22,0,150.17,B,2,High Achievers
1RV21CS248,Amit Kulkarni,86.08,42.63,47.43,40.87,41.11,169.86,2.2,A,Excellent,0,Low,85.83,172.04000000000002,0,167.56,A,2,High Achievers
1RV21CS249,Yash Dubey,65.94,36.01,30.78,27.85,35.38,132.31,1.49,D,Average,10,Low,65.72,130.01999999999998,0,134.17,D,1,Inconsistent Learners
1RV21CS250,Raghav Varma,86.89,29.61,26.09,29.39,21.37,120.87,4.71,D,Excellent,0,Low,61.34,106.46000000000001,0,120.44,D,1,Inconsistent Learners
1RV21CS251,Vivaan Agarwal,75.43,37.52,41.6,28.86,25.89,131.49,3.85,D,Good,0,Low,68.86,133.87,0,133.68,D,3,At-Risk Students
1RV21CS252,Harsha Chatterjee,75.29,48.3,30.13,42.9,34.66,162.82,4.7,B,Good,0,Low,78.9,155.98999999999998,0,161.16,B,2,High Achievers
1RV21CS253,Gokul Hegde,85.3,30.57,24.2,36.4,25.52,129.34,5.95,D,Excellent,10,Low,64.82,116.68999999999998,0,128.19,D,1,Inconsistent Learners
1RV21CS254,Vihaan Thakur,46.86,45.4,48.36,40.05,42.93,167.46,5.21,A,Critical,30,Moderate,79.49,176.74,0,165.06,A,0,Average Performers
1RV21CS255,Deepak Gupta,83.89,20.27,35.17,31.2,38.54,129.1,4.08,D,Good,25,Moderate,66.04,125.18,0,130.29,D,3,At-Risk Students
1RV21CS256,Lokesh Bhat,71.83,20.2,36.55,20.36,35.88,109.88,5.89,F,Average,50,High,58.52,112.99000000000001,1,115.74,F,1,Inconsistent Learners
1RV21CS257,Vivaan Bhattacharya,89.72,40.22,44.19,47.29,23.21,147.48,1.74,C,Excellent,10,Low,79.5,154.91,0,147.92,C,2,High Achievers
1RV21CS258,Amit Saxena,73.96,44.46,28.02,31.91,31.19,139.09,3.83,C,Average,0,Low,70.34,135.58,0,141.61,C,2,High Achievers
1RV21CS259,Hemant Malhotra,61.5,44.84,22.42,49.75,39.5,145.05,3.03,C,Warning,40,Moderate,74.62,156.51,0,148.46,C,0,Average Performers
1RV21CS260,Abhishek Deshmukh,71.18,39.1,41.09,22.48,45.36,153.49,2.66,B,Average,0,Low,74.07,148.03,0,152.52,B,0,Average Performers
1RV21CS261,Krishna Thakur,95.55,26.89,47.04,40.77,37.0,146.27,5.62,C,Excellent,0,Low,78.28,151.70000000000002,0,145.89,C,3,At-Risk Students
1RV21CS262,Dev Pandey,94.46,36.91,20.99,47.86,29.43,149.19,3.94,C,Excellent,10,Low,74.33,135.19,0,144.36,C,2,High Achievers
1RV21CS263,Tanmay Sinha,90.15,47.87,28.98,36.92,37.0,164.79,4.39,B,Excellent,0,Low,80.41,150.76999999999998,0,158.55,B,2,High Achievers
1RV21CS264,Prakash Yadav,66.11,42.19,43.71,40.68,22.35,152.32,2.73,B,Average,0,Low,73.54,148.93,0,149.66,B,0,Average Performers
1RV21CS265,Krishna Mukherjee,57.77,22.28,38.16,38.42,37.87,139.17,2.63,C,Warning,55,High,65.24,136.73,1,137.6,C,1,Inconsistent Learners
1RV21CS266,Vivek Pandey,88.1,33.52,26.84,36.59,31.26,126.78,3.93,D,Excellent,0,Low,68.94,128.21,0,128.1,D,1,Inconsistent Learners
1RV21CS267,Abhishek Nair,87.47,28.86,27.39,22.21,28.04,112.42,4.92,F,Excellent,25,Moderate,60.76,106.5,0,112.78,F,1,Inconsistent Learners
1RV21CS268,Karthik Bose,62.42,23.2,20.16,29.25,30.8,100.04,1.66,F,Warning,100,Critical,53.33,103.41,1,103.53,F,1,Inconsistent Learners
1RV21CS269,Nikhil Mukherjee,69.69,36.64,32.24,20.79,30.62,117.67,3.99,F,Average,25,Moderate,62.51,120.28999999999999,0,129.27,F,1,Inconsistent Learners
1RV21CS270,Yash Bose,45.68,32.41,43.38,41.75,36.79,154.92,2.21,B,Critical,30,Moderate,70.29,154.32999999999998,0,149.42,B,0,Average Performers
1RV21CS271,Pavan Hegde,82.69,25.09,28.07,28.05,24.38,104.02,2.38,F,Good,25,Moderate,58.53,105.58999999999999,0,108.37,F,1,Inconsistent Learners
1RV21CS272,Shivam Varma,88.05,30.83,48.33,41.63,34.87,156.13,3.29,B,Excellent,0,Low,79.1,155.66,0,151.75,B,3,At-Risk Students
1RV21CS273,Rahul Mishra,45.37,31.87,45.25,31.4,45.87,145.59,3.15,C,Critical,30,Moderate,69.5,154.39000000000001,0,145.79,C,0,Average Performers
1RV21CS274,Yogesh Kamble,52.49,29.62,48.42,26.03,29.43,138.78,5.84,C,Warning,30,Moderate,63.92,133.5,0,135.5,C,3,At-Risk Students
1RV21CS275,Sanjay Shekhar,79.81,49.03,43.46,29.78,28.41,161.7,2.83,B,Good,0,Low,78.2,150.68,0,160.5,B,2,High Achievers
1RV21CS276,Siddharth Naidu,77.57,36.37,40.45,36.5,48.59,160.03,4.54,B,Good,0,Low,79.73,161.91,0,158.46,B,2,High Achievers
1RV21CS277,Dinesh Dubey,90.72,22.07,45.43,43.85,40.19,140.62,2.51,C,Excellent,25,Moderate,76.36,151.54,0,142.0,C,3,At-Risk Students
1RV21CS278,Manoj Bhat,53.48,32.69,31.31,33.47,37.94,134.19,3.67,D,Warning,30,Moderate,64.65,135.41,0,135.7,D,1,Inconsistent Learners
1RV21CS279,Hemant Banerjee,74.9,43.72,30.79,46.87,36.11,160.15,1.42,B,Average,10,Low,78.61,157.49,0,153.63,B,2,High Achievers
1RV21CS280,Harsha Bhat,81.56,24.99,38.38,36.9,39.35,141.18,5.83,C,Good,25,Moderate,71.29,139.62,0,140.97,C,3,At-Risk Students
1RV21CS281,Tejas Mukherjee,50.83,22.96,26.66,42.41,36.74,125.55,2.11,D,Warning,55,High,60.51,128.77,1,125.98,D,1,Inconsistent Learners
1RV21CS282,Suraj Ghosh,70.47,40.39,40.71,24.52,49.93,156.89,2.48,B,Average,0,Low,76.56,155.54999999999998,0,156.03,B,0,Average Performers
1RV21CS283,Sai Kulkarni,90.72,41.9,30.45,30.29,43.53,153.59,2.74,B,Excellent,0,Low,77.7,146.17,0,152.74,B,2,High Achievers
1RV21CS284,Krishna Pillai,84.71,33.57,22.02,21.34,41.32,117.42,2.72,F,Good,35,Moderate,64.58,118.25,0,124.19,F,1,Inconsistent Learners
1RV21CS285,Krishna Gowda,89.0,47.9,42.21,35.48,36.56,163.41,3.13,B,Excellent,0,Low,83.49,162.15,0,162.14,B,2,High Achievers
1RV21CS286,Gokul Malhotra,88.88,38.89,25.59,39.72,31.87,146.15,5.42,C,Excellent,0,Low,73.45,136.07,0,143.88,C,2,High Achievers
1RV21CS287,Dinesh Patil,68.63,20.13,26.44,28.35,41.11,121.8,3.89,D,Average,25,Moderate,59.68,116.03,0,121.27,D,1,Inconsistent Learners
1RV21CS288,Prakash Rao,65.12,25.91,23.42,40.12,34.68,131.47,2.57,D,Average,10,Low,62.71,124.13,0,129.85,D,1,Inconsistent Learners
1RV21CS289,Abhishek Saxena,66.59,23.43,30.56,33.74,25.18,115.63,5.0,F,Average,50,High,58.21,112.91,1,117.71,D,1,Inconsistent Learners
1RV21CS290,Vikram Patil,49.66,24.02,23.54,29.16,25.49,104.81,3.55,F,Critical,90,Critical,50.86,102.21,1,107.26,F,1,Inconsistent Learners
1RV21CS291,Ajay Kamble,52.58,31.51,25.57,39.07,40.8,135.76,6.0,C,Warning,30,Moderate,64.93,136.95,0,136.23,C,1,Inconsistent Learners
1RV21CS292,Ramesh Hegde,71.93,24.21,29.44,33.53,21.61,107.09,1.05,F,Average,60,High,57.48,108.79,1,112.67,F,1,Inconsistent Learners
1RV21CS293,Rahul Naidu,89.84,48.91,35.16,34.85,40.54,163.98,5.2,B,Excellent,0,Low,83.0,159.45999999999998,0,162.71,B,2,High Achievers
1RV21CS294,Mahesh Hegde,49.55,20.93,42.83,28.76,28.25,115.6,1.84,F,Critical,90,Critical,56.9,120.77,1,118.24,D,1,Inconsistent Learners
1RV21CS295,Gokul Sawant,85.84,42.98,36.49,23.4,23.43,140.91,5.12,C,Excellent,0,Low,69.92,126.30000000000001,0,141.13,D,2,High Achievers
1RV21CS296,Suraj Chavan,90.24,21.25,41.57,36.39,49.69,139.05,5.15,C,Excellent,25,Moderate,75.27,148.9,0,141.52,C,3,At-Risk Students
1RV21CS297,Tanmay Kapoor,61.37,49.98,33.49,30.46,44.5,159.2,5.97,B,Warning,30,Moderate,76.74,158.43,0,160.77,B,2,High Achievers
1RV21CS298,Harsha Choudhary,89.59,37.64,30.52,41.32,38.98,144.83,1.7,C,Excellent,10,Low,77.08,148.45999999999998,0,146.9,C,2,High Achievers
1RV21CS299,Ankit Choudhary,89.3,37.1,35.97,37.91,25.05,149.82,2.46,C,Excellent,0,Low,73.62,136.03,0,147.21,C,2,High Achievers
1RV21CS300,Siddharth Pandey,97.38,35.43,47.0,44.46,24.07,157.38,3.06,B,Excellent,0,Low,80.11,150.96,0,154.8,B,2,High Achievers
1RV21CS301,Vihaan Pandey,92.69,23.81,45.98,27.49,41.34,146.91,4.81,C,Excellent,25,Moderate,73.52,138.62,0,144.92,C,3,At-Risk Students
1RV21CS302,Dev Ghosh,71.92,37.32,28.06,32.43,33.56,137.19,5.4,C,Average,0,Low,67.82,131.37,0,136.62,C,1,Inconsistent Learners
1RV21CS303,Sai Ghosh,73.36,28.35,48.09,31.07,48.51,149.12,1.01,C,Average,10,Low,75.5,156.01999999999998,0,149.85,C,0,Average Performers
1RV21CS304,Raghav Nair,85.2,33.75,39.92,30.75,21.9,131.4,2.09,D,Excellent,0,Low,68.17,126.32,0,134.61,D,3,At-Risk Students
1RV21CS305,Arvind Choudhary,72.21,29.69,28.51,36.42,23.92,126.95,4.94,D,Average,0,Low,62.49,118.54,0,125.48,D,1,Inconsistent Learners
1RV21CS306,Dev Patel,47.53,38.79,45.1,20.49,47.88,142.73,3.28,C,Critical,30,Moderate,69.77,152.26,0,145.23,C,0,Average Performers
1RV21CS307,Arvind Naidu,99.76,47.28,46.46,29.06,46.23,183.34,1.47,A,Excellent,10,Low,89.14,169.03,0,177.05,A,2,High Achievers
1RV21CS308,Suraj Agarwal,49.53,39.94,39.47,21.55,38.77,143.91,4.78,C,Critical,30,Moderate,66.61,139.73,0,143.75,C,0,Average Performers
1RV21CS309,Arvind Tiwari,50.02,22.86,26.4,22.34,37.81,108.61,3.23,F,Warning,80,Critical,53.26,109.41,1,113.47,F,1,Inconsistent Learners
1RV21CS310,Aarav Shekhar,63.9,23.62,45.81,40.82,34.33,131.82,1.45,D,Warning,65,High,68.4,144.57999999999998,1,133.07,D,3,At-Risk Students
1RV21CS311,Krishna Iyer,62.23,46.43,24.11,43.2,42.59,148.68,5.96,C,Warning,40,Moderate,75.14,156.32999999999998,0,151.17,C,2,High Achievers
1RV21CS312,Karthik Gupta,74.18,20.25,39.5,33.2,41.67,134.04,1.76,D,Average,35,Moderate,67.3,134.62,0,135.06,D,3,At-Risk Students
1RV21CS313,Ajay Saxena,82.76,45.8,22.6,23.01,42.57,145.8,2.92,C,Good,10,Low,72.26,133.98000000000002,0,145.95,C,2,High Achievers
1RV21CS314,Arvind Singh,88.51,27.43,39.34,27.45,38.03,139.96,2.42,C,Excellent,0,Low,70.62,132.25,0,137.15,C,3,At-Risk Students
1RV21CS315,Hemant Verma,91.63,39.75,29.05,35.53,35.29,150.85,2.48,B,Excellent,0,Low,75.5,139.62,0,147.54,B,2,High Achievers
1RV21CS316,Vihaan Kapoor,72.22,23.38,34.99,37.82,35.85,138.78,5.93,C,Average,25,Moderate,66.8,132.04,0,136.17,C,3,At-Risk Students
1RV21CS317,Yash Joshi,66.28,45.17,32.63,36.39,25.18,141.12,5.94,C,Average,0,Low,70.17,139.37,0,147.94,C,2,High Achievers
1RV21CS318,Arjun Verma,77.3,20.41,26.47,47.68,48.46,136.08,2.43,C,Good,25,Moderate,70.61,143.02,0,131.95,C,1,Inconsistent Learners
1RV21CS319,Kiran Bhattacharya,87.19,32.71,32.07,39.22,36.13,135.37,1.42,C,Excellent,10,Low,72.9,140.13,0,138.49,C,1,Inconsistent Learners
1RV21CS320,Sai Bhattacharya,95.65,49.23,24.66,29.8,37.59,157.89,4.25,B,Excellent,10,Low,78.28,141.28,0,155.54,B,2,High Achievers
1RV21CS321,Yogesh Gupta,62.06,33.12,48.6,27.16,27.33,143.14,1.58,C,Warning,40,Moderate,67.32,136.20999999999998,0,140.79,C,0,Average Performers
1RV21CS322,Vikram Kamble,48.03,39.98,39.74,25.27,20.38,118.15,1.06,F,Critical,65,High,60.08,125.36999999999999,1,133.67,F,0,Average Performers
1RV21CS323,Mahesh Kumar,73.77,43.49,41.62,25.01,23.81,144.8,2.34,C,Average,0,Low,70.14,133.93,0,145.0,C,0,Average Performers
1RV21CS324,Rohan Verma,63.43,32.88,35.72,27.89,49.25,147.12,3.48,C,Warning,30,Moderate,70.73,145.74,0,141.77,D,0,Average Performers
1RV21CS325,Naresh Das,48.05,45.78,25.01,24.72,43.2,148.62,4.37,C,Critical,30,Moderate,66.95,138.71,0,146.78,C,0,Average Performers
1RV21CS326,Rohan Malhotra,85.74,20.08,45.76,20.37,21.38,108.63,5.6,F,Excellent,50,High,59.58,107.59,1,112.09,F,3,At-Risk Students
1RV21CS327,Nikhil Reddy,75.41,47.42,42.22,32.58,29.65,153.58,4.6,B,Good,0,Low,76.9,151.87,0,154.28,B,2,High Achievers
1RV21CS328,Praveen Gupta,76.43,23.58,40.2,21.58,26.7,115.19,1.23,F,Good,60,High,59.9,112.06,1,117.04,F,1,Inconsistent Learners
1RV21CS329,Akash Gupta,93.23,45.98,43.21,29.32,22.59,148.38,2.84,C,Excellent,0,Low,76.7,141.1,0,147.82,C,2,High Achievers
1RV21CS330,Sanjay Sawant,88.15,42.19,27.28,31.05,49.16,166.02,4.88,A,Excellent,0,Low,79.2,149.68,0,157.57,B,2,High Achievers
1RV21CS331,Raghav Chavan,86.83,27.35,20.19,32.3,26.99,110.17,5.2,F,Excellent,35,Moderate,60.41,106.83,0,113.6,F,1,Inconsistent Learners
1RV21CS332,Aarav Yadav,45.08,39.72,45.47,41.82,23.12,143.73,2.19,C,Critical,30,Moderate,68.81,150.13,0,142.39,C,0,Average Performers
1RV21CS333,Mahesh Patel,98.49,24.27,28.39,21.32,26.94,117.61,3.07,F,Excellent,50,High,61.22,100.91999999999999,1,114.31,F,1,Inconsistent Learners
1RV21CS334,Suraj Menon,98.6,22.55,22.87,24.01,44.6,113.52,3.84,F,Excellent,60,High,64.7,114.03,1,121.44,F,1,Inconsistent Learners
1RV21CS335,Arvind Bhat,98.03,27.1,27.83,29.45,44.02,138.64,4.68,C,Excellent,0,Low,71.23,128.4,0,130.51,C,3,At-Risk Students
1RV21CS336,Yash Pillai,59.96,22.24,26.08,43.4,37.54,116.82,1.82,F,Warning,90,Critical,61.76,129.26,1,123.36,F,1,Inconsistent Learners
1RV21CS337,Gokul Singh,67.36,36.08,48.94,26.23,29.25,135.91,1.6,C,Average,10,Low,69.42,140.5,0,142.92,C,0,Average Performers
1RV21CS338,Vishal Gowda,61.73,41.14,38.1,26.45,45.7,144.81,4.56,C,Warning,30,Moderate,72.74,151.39000000000001,0,146.58,C,0,Average Performers
1RV21CS339,Varun Ghosh,73.24,40.32,27.81,49.72,20.93,137.01,3.26,C,Average,0,Low,70.59,138.78,0,138.56,C,1,Inconsistent Learners
1RV21CS340,Shreyas Deshmukh,58.74,33.86,44.12,24.19,20.36,129.54,5.91,D,Warning,30,Moderate,61.61,122.52999999999999,0,130.67,D,3,At-Risk Students
1RV21CS341,Rahul Naidu,90.3,31.17,38.91,39.34,37.47,143.03,5.06,C,Excellent,0,Low,75.97,146.89,0,143.66,C,3,At-Risk Students
1RV21CS342,Vivaan Gupta,55.88,39.38,44.28,22.76,45.42,156.84,1.61,B,Warning,40,Moderate,72.43,151.84,0,147.85,B,0,Average Performers
1RV21CS343,Gokul Patel,54.24,37.22,44.65,31.85,20.88,135.98,1.86,C,Warning,40,Moderate,65.15,134.6,0,137.39,C,0,Average Performers
1RV21CS344,Ankit Rao,60.12,33.38,24.46,38.42,38.51,136.15,3.49,C,Warning,40,Moderate,66.0,134.77,0,136.74,C,1,Inconsistent Learners
1RV21CS345,Ramesh Varma,48.35,28.39,24.12,25.98,46.54,123.62,4.15,D,Critical,40,Moderate,59.29,125.03,0,122.54,D,1,Inconsistent Learners
1RV21CS346,Prakash Verma,99.42,43.46,30.77,36.34,34.54,161.43,3.51,B,Excellent,0,Low,79.87,145.11,0,157.55,B,2,High Achievers
1RV21CS347,Abhishek Pandey,54.89,29.57,26.57,46.87,43.36,130.72,5.96,D,Warning,30,Moderate,67.65,146.37,0,134.39,D,1,Inconsistent Learners
1RV21CS348,Pavan Kumar,87.18,49.99,49.22,23.0,39.71,163.97,5.08,B,Excellent,0,Low,83.31,161.92000000000002,0,165.31,B,2,High Achievers
1RV21CS349,Shreyas Patel,87.02,48.43,37.27,49.48,31.65,177.16,5.96,A,Excellent,0,Low,85.58,166.83,0,171.27,A,2,High Achievers
1RV21CS350,Nikhil Rao,58.01,29.54,42.14,30.76,37.75,140.34,2.76,C,Warning,30,Moderate,67.14,140.19,0,139.99,C,0,Average Performers
1RV21CS351,Siddharth Sawant,52.82,48.45,45.1,44.31,49.11,180.84,1.88,A,Warning,40,Moderate,85.06,186.97000000000003,0,178.29,A,0,Average Performers
1RV21CS352,Aditya Nair,48.09,38.05,20.6,34.34,29.95,125.03,5.03,D,Critical,40,Moderate,59.68,122.94000000000001,0,128.78,D,1,Inconsistent Learners
1RV21CS353,Tejas Sinha,54.76,44.07,46.05,21.79,24.43,142.01,1.71,C,Warning,40,Moderate,66.91,136.34,0,140.91,C,0,Average Performers
1RV21CS354,Rohan Thakur,92.34,48.82,31.21,48.26,31.87,156.51,2.51,B,Excellent,0,Low,83.14,160.16,0,158.53,B,2,High Achievers
1RV21CS355,Rahul Hegde,85.28,33.11,39.18,34.62,29.52,143.08,3.81,C,Excellent,0,Low,72.03,136.43,0,140.83,D,3,At-Risk Students
1RV21CS356,Vikram Kumar,57.28,37.67,25.26,29.2,40.65,126.44,4.64,D,Warning,30,Moderate,64.54,132.78,0,130.78,D,1,Inconsistent Learners
1RV21CS357,Hemant Sawant,66.54,49.83,48.96,20.97,38.07,169.63,5.84,A,Average,0,Low,78.36,157.82999999999998,0,163.45,A,2,High Achievers
1RV21CS358,Deepak Tripathi,76.11,48.1,24.22,42.36,27.14,156.04,1.84,B,Good,20,Low,74.28,141.82,0,154.29,B,2,High Achievers
1RV21CS359,Sai Sinha,81.85,41.88,30.07,20.34,26.29,132.44,2.75,D,Good,0,Low,66.06,118.58000000000001,0,135.96,D,2,High Achievers
1RV21CS360,Krishna Paul,45.07,31.58,41.98,49.07,46.54,156.59,2.89,B,Critical,30,Moderate,74.67,169.17,0,152.02,B,0,Average Performers
1RV21CS361,Prakash Bose,50.58,34.38,45.92,39.53,40.61,145.58,1.37,C,Warning,40,Moderate,72.6,160.44,0,148.49,C,0,Average Performers
1RV21CS362,Aditya Dubey,46.1,27.83,23.14,30.25,46.64,117.5,1.38,F,Critical,75,Critical,59.17,127.86,1,125.21,F,1,Inconsistent Learners
1RV21CS363,Sai Yadav,77.67,38.41,34.48,20.93,48.27,140.6,5.45,C,Good,0,Low,72.55,142.09,0,147.48,C,2,High Achievers
1RV21CS364,Vishal Patel,50.57,26.17,25.7,40.92,41.66,132.82,2.33,D,Warning,30,Moderate,63.03,134.45,0,132.26,D,1,Inconsistent Learners
1RV21CS365,Sanjay Mishra,58.07,21.49,37.15,45.2,24.61,118.13,3.14,F,Warning,80,Critical,61.16,128.45,1,121.19,D,1,Inconsistent Learners
1RV21CS366,Sanjay Bhat,79.38,34.41,22.91,26.21,39.15,138.62,3.37,C,Good,10,Low,66.52,122.68,0,133.67,C,1,Inconsistent Learners
1RV21CS367,Rohan Mishra,88.17,34.13,46.85,27.95,39.26,148.72,2.86,C,Excellent,0,Low,76.66,148.19,0,150.28,C,3,At-Risk Students
1RV21CS368,Abhishek Das,55.26,21.34,33.19,27.9,45.11,124.63,1.76,D,Warning,65,High,60.8,127.54,1,124.14,D,1,Inconsistent Learners
1RV21CS369,Hemant Bhat,50.32,40.04,44.25,32.42,42.69,149.18,1.3,C,Warning,40,Moderate,73.08,159.39999999999998,0,149.74,C,0,Average Performers
1RV21CS370,Abhishek Thakur,68.02,36.07,46.01,34.24,46.45,158.99,1.39,B,Average,10,Low,77.97,162.76999999999998,0,155.69,B,0,Average Performers
1RV21CS371,Kiran Reddy,72.62,47.01,44.01,40.33,38.61,161.53,4.79,B,Average,0,Low,82.33,169.95999999999998,0,162.02,B,2,High Achievers
1RV21CS372,Nikhil Hegde,98.47,44.25,23.79,32.7,49.65,158.11,5.99,B,Excellent,10,Low,81.09,150.39,0,153.66,B,2,High Achievers
1RV21CS373,Vivek Shetty,90.88,27.74,47.32,47.43,22.01,140.09,2.99,C,Excellent,0,Low,74.81,144.5,0,140.94,C,3,At-Risk Students
1RV21CS374,Yash Pandey,73.58,47.51,20.37,41.01,37.63,156.23,1.56,B,Average,20,Low,75.14,146.51999999999998,0,152.47,B,2,High Achievers
1RV21CS375,Karthik Shetty,76.16,37.48,48.94,23.01,23.17,141.91,4.93,C,Good,0,Low,69.4,132.6,0,140.73,D,3,At-Risk Students
1RV21CS376,Prakash Kumar,93.28,27.92,39.64,37.16,34.19,134.1,3.01,D,Excellent,0,Low,73.18,138.91,0,136.4,C,3,At-Risk Students
1RV21CS377,Vikram Kamble,82.44,32.05,31.87,46.37,40.72,140.54,3.38,C,Good,0,Low,75.54,151.01,0,142.79,C,3,At-Risk Students
1RV21CS378,Praveen Das,46.11,44.52,29.09,28.41,34.75,141.0,1.49,C,Critical,40,Moderate,65.28,136.76999999999998,0,143.5,C,0,Average Performers
1RV21CS379,Deepak Joshi,61.53,42.31,43.22,29.63,41.86,158.17,1.45,B,Warning,40,Moderate,75.51,157.01999999999998,0,156.77,B,0,Average Performers
1RV21CS380,Dinesh Choudhary,95.24,32.22,34.53,35.5,31.22,129.41,4.96,D,Excellent,0,Low,72.02,133.47,0,132.2,D,3,At-Risk Students
1RV21CS381,Arjun Mishra,84.03,32.1,43.42,35.73,37.06,141.9,5.38,C,Good,0,Low,75.15,148.31,0,144.59,C,3,At-Risk Students
1RV21CS382,Amit Patel,58.72,33.69,47.54,41.14,28.22,150.87,3.53,B,Warning,30,Moderate,71.61,150.58999999999997,0,144.2,B,0,Average Performers
1RV21CS383,Vivek Kulkarni,82.46,27.26,34.66,33.38,48.82,143.73,3.76,C,Good,0,Low,73.23,144.12,0,141.87,C,3,At-Risk Students
1RV21CS384,Varun Hegde,91.07,27.76,44.93,22.71,20.82,113.1,5.27,F,Excellent,25,Moderate,64.34,116.22,0,116.66,F,3,At-Risk Students
1RV21CS385,Ankit Malhotra,80.61,40.33,28.07,32.29,20.6,133.72,4.84,D,Good,0,Low,66.57,121.28999999999999,0,136.37,D,2,High Achievers
1RV21CS386,Aarav Varma,95.13,39.42,38.03,20.25,27.57,141.84,2.53,C,Excellent,0,Low,71.19,125.27000000000001,0,140.99,C,2,High Achievers
1RV21CS387,Kiran Tiwari,60.15,46.86,45.55,33.77,26.55,148.28,3.6,C,Warning,30,Moderate,73.66,152.73000000000002,0,150.97,B,0,Average Performers
1RV21CS388,Vikram Ghosh,77.15,20.22,49.98,48.99,45.18,155.86,3.97,B,Good,25,Moderate,78.45,164.37,0,154.67,B,3,At-Risk Students
1RV21CS389,Sanjay Mishra,82.64,34.45,30.09,28.29,29.75,124.06,4.28,D,Good,0,Low,66.05,122.58000000000001,0,125.51,D,1,Inconsistent Learners
1RV21CS390,Yogesh Mishra,55.36,35.52,27.21,21.7,45.72,138.0,3.02,C,Warning,30,Moderate,64.02,130.15,0,137.75,C,1,Inconsistent Learners
1RV21CS391,Yash Gowda,52.7,20.76,34.92,28.87,47.21,124.18,4.68,D,Warning,55,High,61.46,131.76000000000002,1,125.78,D,1,Inconsistent Learners
1RV21CS392,Suresh Sinha,99.71,44.48,30.3,41.4,40.59,165.84,3.38,A,Excellent,0,Low,83.86,156.77,0,156.77,A,2,High Achievers
1RV21CS393,Chirag Kumar,72.9,45.36,45.22,46.29,25.43,152.43,1.64,B,Average,10,Low,79.24,162.3,0,154.66,B,0,Average Performers
1RV21CS394,Manoj Paul,89.46,42.89,25.49,40.39,30.07,136.87,2.78,C,Excellent,0,Low,74.1,138.84,0,142.71,C,2,High Achievers
1RV21CS395,Shreyas Mishra,68.13,46.61,31.15,37.57,33.91,143.65,1.27,C,Average,10,Low,73.83,149.23999999999998,0,155.41,C,0,Average Performers
1RV21CS396,Vivek Patil,76.92,38.62,34.17,25.84,23.59,132.0,3.65,D,Good,0,Low,65.81,122.22,0,133.14,D,1,Inconsistent Learners
1RV21CS397,Ajay Patel,92.9,24.52,49.77,30.28,49.62,161.53,5.93,B,Excellent,25,Moderate,79.4,154.19,0,156.85,B,3,At-Risk Students
1RV21CS398,Karthik Singh,92.43,25.41,22.42,29.98,49.6,128.81,1.29,D,Excellent,20,Low,68.91,127.41,0,128.5,D,1,Inconsistent Learners
1RV21CS399,Dinesh Pandey,56.52,43.21,37.29,24.75,43.56,155.11,1.65,B,Warning,40,Moderate,71.9,148.81,0,153.93,B,0,Average Performers
1RV21CS400,Arvind Tripathi,68.62,32.87,34.32,20.14,36.01,131.74,5.75,D,Average,0,Low,63.89,123.34,0,132.65,D,3,At-Risk Students
1RV21CS401,Yash Thakur,55.48,40.3,38.8,27.46,40.81,143.33,1.64,C,Warning,40,Moderate,70.09,147.37,0,144.58,C,0,Average Performers
1RV21CS402,Abhishek Bhattacharya,77.38,25.01,44.72,28.95,28.72,131.93,3.98,D,Good,0,Low,66.09,127.4,0,128.53,D,3,At-Risk Students
1RV21CS403,Tejas Mukherjee,93.84,49.86,30.28,47.04,30.78,157.22,5.74,B,Excellent,0,Low,82.93,157.96,0,158.55,B,2,High Achievers
1RV21CS404,Akash Verma,57.56,41.82,23.94,42.02,37.69,137.56,2.83,C,Warning,40,Moderate,69.65,145.47,0,139.94,C,1,Inconsistent Learners
1RV21CS405,Yogesh Reddy,65.64,39.21,43.14,38.69,37.82,146.77,1.54,C,Average,10,Low,75.71,158.85999999999999,0,147.46,B,0,Average Performers
1RV21CS406,Vivaan Patel,82.94,32.5,31.41,36.42,34.23,130.08,4.48,D,Good,0,Low,69.96,134.56,0,130.57,D,1,Inconsistent Learners
1RV21CS407,Vivek Sharma,61.56,39.85,39.87,28.1,38.17,138.79,5.15,C,Warning,30,Moderate,70.5,145.99,0,143.79,C,0,Average Performers
1RV21CS408,Krishna Bhattacharya,84.53,23.53,23.42,23.19,25.96,97.47,2.31,F,Good,60,High,55.4,96.1,1,100.71,F,1,Inconsistent Learners
1RV21CS409,Pavan Naidu,64.69,32.29,24.81,36.44,47.31,143.39,3.4,C,Warning,40,Moderate,69.18,140.85,0,138.77,C,1,Inconsistent Learners
1RV21CS410,Harsha Sharma,45.7,22.67,23.31,37.22,34.82,121.37,4.9,D,Critical,65,High,55.92,118.02000000000001,1,122.97,D,1,Inconsistent Learners
1RV21CS411,Arjun Paul,84.8,47.14,39.33,33.7,49.32,168.25,1.25,A,Good,10,Low,85.14,169.49,0,167.68,A,2,High Achievers
1RV21CS412,Nikhil Reddy,91.87,30.81,40.3,32.78,23.48,138.69,5.45,C,Excellent,0,Low,70.07,127.37,0,136.28,C,3,At-Risk Students
1RV21CS413,Aarav Joshi,81.48,25.12,30.73,33.13,38.65,136.57,1.46,C,Good,10,Low,67.34,127.63,0,133.81,C,1,Inconsistent Learners
1RV21CS414,Tejas Rao,51.26,32.01,33.7,45.07,40.7,143.37,3.11,C,Warning,30,Moderate,69.65,151.48000000000002,0,143.18,C,0,Average Performers
1RV21CS415,Vishal Kulkarni,52.29,41.79,49.45,45.33,23.11,160.92,3.41,B,Warning,30,Moderate,74.61,159.68,0,146.06,B,0,Average Performers
1RV21CS416,Siddharth Gowda,69.1,38.34,43.37,38.34,45.88,170.25,4.64,A,Average,0,Low,80.2,165.93,0,154.88,A,2,High Achievers
1RV21CS417,Rahul Varma,95.62,23.39,32.34,21.38,27.85,109.38,4.52,F,Excellent,50,High,61.15,104.96000000000001,1,110.91,F,1,Inconsistent Learners
1RV21CS418,Dev Thakur,87.21,37.3,36.95,49.34,40.1,159.16,3.62,B,Excellent,0,Low,82.22,163.69,0,159.04,B,2,High Achievers
1RV21CS419,Hemant Saxena,50.24,39.85,27.46,30.37,40.29,135.05,5.2,C,Warning,30,Moderate,65.55,137.97,0,136.21,C,1,Inconsistent Learners
1RV21CS420,Ramesh Saxena,48.0,39.3,24.71,45.47,45.56,156.75,1.37,B,Critical,50,High,71.8,155.04,1,153.34,B,0,Average Performers
1RV21CS421,Mahesh Singh,58.25,49.1,21.51,26.68,39.3,139.89,2.17,C,Warning,40,Moderate,68.03,136.58999999999997,0,144.51,C,0,Average Performers
1RV21CS422,Gokul Pillai,89.07,33.44,45.7,33.41,23.56,139.04,4.27,C,Excellent,0,Low,72.42,136.10999999999999,0,139.46,C,3,At-Risk Students
1RV21CS423,Krishna Ghosh,67.68,36.71,20.01,22.73,38.13,126.21,2.52,D,Average,10,Low,61.95,117.58000000000001,0,128.36,D,1,Inconsistent Learners
1RV21CS424,Naresh Deshmukh,56.38,40.14,48.51,30.9,21.63,133.81,3.27,D,Warning,30,Moderate,67.68,141.18,0,136.32,C,0,Average Performers
1RV21CS425,Ramesh Saxena,78.0,41.5,30.9,33.58,22.92,137.43,1.01,C,Good,10,Low,68.73,128.9,0,137.8,C,0,Average Performers
1RV21CS426,Varun Tripathi,98.04,28.76,35.66,41.06,21.37,123.91,1.7,D,Excellent,10,Low,69.83,126.85000000000001,0,127.15,C,3,At-Risk Students
1RV21CS427,Kiran Paul,67.51,27.63,25.88,23.62,45.57,119.22,5.12,F,Average,25,Moderate,62.02,122.69999999999999,0,121.12,F,1,Inconsistent Learners
1RV21CS428,Amit Sinha,63.59,42.71,21.4,39.0,40.16,137.0,5.46,C,Warning,40,Moderate,70.25,143.26999999999998,0,140.81,C,1,Inconsistent Learners
1RV21CS429,Gokul Bhat,77.41,35.13,48.92,20.13,42.09,149.81,3.16,C,Good,0,Low,74.11,146.27,0,150.87,C,3,At-Risk Students
1RV21CS430,Suresh Varma,95.84,43.43,47.31,40.75,25.21,166.65,1.52,A,Excellent,10,Low,83.02,156.70000000000002,0,162.57,A,2,High Achievers
1RV21CS431,Chirag Kamble,78.34,29.66,46.44,32.56,38.27,149.5,2.24,C,Good,0,Low,73.93,146.93,0,148.26,C,3,At-Risk Students
1RV21CS432,Akash Yadav,98.38,33.59,24.0,32.38,41.0,143.72,2.49,C,Excellent,10,Low,73.1,130.97,0,133.23,C,2,High Achievers
1RV21CS433,Hemant Deshmukh,92.34,41.36,48.07,38.98,26.03,159.75,2.45,B,Excellent,0,Low,80.92,154.44,0,157.76,B,2,High Achievers
1RV21CS434,Varun Gowda,52.3,41.31,49.26,25.33,36.27,152.55,4.55,B,Warning,30,Moderate,71.68,152.17,0,151.8,B,0,Average Performers
1RV21CS435,Tanmay Kumar,75.93,37.48,48.28,41.3,40.23,171.78,3.67,A,Good,0,Low,82.0,167.29,0,165.62,A,2,High Achievers
1RV21CS436,Arvind Sharma,73.75,20.76,24.36,40.11,26.0,115.63,1.8,F,Average,70,High,58.87,111.23,1,119.45,D,1,Inconsistent Learners
1RV21CS437,Sanjay Gowda,58.78,45.18,40.72,28.85,42.61,147.74,5.07,C,Warning,30,Moderate,74.56,157.36,0,150.25,C,0,Average Performers
1RV21CS438,Krishna Saxena,92.74,42.18,45.95,42.27,36.84,163.42,4.92,B,Excellent,0,Low,85.19,167.24,0,163.85,B,2,High Achievers
1RV21CS439,Hemant Dubey,83.11,21.41,31.45,32.5,43.64,133.2,5.83,D,Good,25,Moderate,67.45,129.0,0,128.38,D,3,At-Risk Students
1RV21CS440,Vihaan Sharma,85.9,26.09,46.07,45.81,33.29,141.88,4.17,C,Excellent,0,Low,75.81,151.26,0,141.88,C,3,At-Risk Students
1RV21CS441,Kiran Tiwari,65.23,37.65,42.15,25.89,41.75,141.51,3.24,C,Average,0,Low,71.66,147.44,0,145.59,C,0,Average Performers
1RV21CS442,Dev Gupta,55.28,25.21,35.42,31.32,32.86,122.27,1.65,D,Warning,40,Moderate,60.19,124.81,0,122.37,D,1,Inconsistent Learners
1RV21CS443,Suresh Agarwal,45.31,33.99,48.12,21.2,47.86,148.2,4.87,C,Critical,30,Moderate,68.93,151.17000000000002,0,149.05,C,0,Average Performers
1RV21CS444,Vivek Saxena,91.37,29.03,43.7,36.5,22.19,137.74,3.63,C,Excellent,0,Low,70.93,131.42000000000002,0,136.15,C,3,At-Risk Students
1RV21CS445,Nikhil Thakur,48.75,35.15,32.48,36.11,22.76,118.1,2.07,F,Critical,55,High,60.07,126.5,1,121.96,D,1,Inconsistent Learners
1RV21CS446,Tejas Yadav,64.84,26.55,42.58,35.91,49.9,155.41,5.91,B,Warning,30,Moderate,73.76,154.94,0,149.99,B,3,At-Risk Students
1RV21CS447,Aarav Kulkarni,81.79,33.37,47.13,38.41,38.63,164.94,4.41,B,Good,0,Low,79.33,157.54,0,160.13,B,3,At-Risk Students
1RV21CS448,Yash Bose,95.38,48.35,31.58,36.21,28.48,161.57,5.11,B,Excellent,0,Low,79.41,144.62,0,159.51,B,2,High Achievers
1RV21CS449,Suraj Bhattacharya,89.15,33.37,21.32,46.95,25.78,131.27,5.74,D,Excellent,10,Low,69.24,127.42,0,132.09,C,1,Inconsistent Learners
1RV21CS450,Vishal Chavan,74.33,38.81,26.32,38.89,26.4,137.19,5.18,C,Average,0,Low,68.16,130.42,0,137.58,C,1,Inconsistent Learners
1RV21CS451,Ankit Chavan,90.58,46.36,42.24,33.06,44.5,162.17,4.43,B,Excellent,0,Low,84.76,166.16,0,158.65,B,2,High Achievers
1RV21CS452,Vivaan Menon,84.43,21.14,22.2,25.34,27.56,93.96,5.11,F,Good,60,High,54.92,96.24000000000001,1,106.22,F,1,Inconsistent Learners
1RV21CS453,Manoj Banerjee,66.34,38.91,32.99,20.51,40.2,137.59,4.21,C,Average,0,Low,67.26,132.61,0,137.71,C,0,Average Performers
1RV21CS454,Vikram Gupta,86.58,37.57,41.03,22.18,47.84,145.93,4.93,C,Excellent,0,Low,76.6,148.62,0,150.08,C,3,At-Risk Students
1RV21CS455,Shivam Kamble,49.76,42.96,33.13,31.85,39.82,145.62,3.67,C,Critical,30,Moderate,69.5,147.76,0,148.4,C,0,Average Performers
1RV21CS456,Rahul Ghosh,88.82,45.48,28.85,39.02,28.94,156.52,5.83,B,Excellent,0,Low,76.74,142.29,0,152.59,B,2,High Achievers
1RV21CS457,Raghav Tiwari,65.52,48.48,36.61,36.65,23.7,137.65,3.98,C,Average,0,Low,71.91,145.44,0,142.88,C,0,Average Performers
1RV21CS458,Prakash Deshmukh,97.08,29.14,42.45,47.11,30.32,146.86,4.23,C,Excellent,0,Low,78.05,149.02,0,144.54,C,3,At-Risk Students
1RV21CS459,Naresh Shetty,53.85,26.62,45.04,25.83,25.44,125.72,5.26,D,Warning,30,Moderate,59.74,122.92999999999999,0,123.5,D,3,At-Risk Students
1RV21CS460,Tanmay Deshmukh,70.37,36.49,28.72,22.02,22.95,121.42,3.44,D,Average,0,Low,59.88,110.18,0,123.33,D,1,Inconsistent Learners
1RV21CS461,Tejas Kumar,52.05,39.66,23.0,38.59,47.0,142.07,3.25,C,Warning,40,Moderate,69.51,148.25,0,142.92,C,1,Inconsistent Learners
1RV21CS462,Vikram Bhat,61.81,37.53,36.97,30.93,29.49,133.73,1.02,D,Warning,40,Moderate,66.62,134.92000000000002,0,136.58,D,0,Average Performers
1RV21CS463,Harsha Malhotra,84.17,39.23,28.3,30.78,40.39,141.08,3.4,C,Good,0,Low,72.95,138.7,0,142.5,C,2,High Achievers
1RV21CS464,Dinesh Kumar,87.61,34.61,23.26,39.37,22.46,121.05,5.13,D,Excellent,10,Low,65.97,119.70000000000002,0,125.63,D,1,Inconsistent Learners
1RV21CS465,Prakash Naidu,59.48,46.59,22.29,22.26,20.56,119.87,1.16,F,Warning,75,Critical,59.06,111.7,1,127.45,F,1,Inconsistent Learners
1RV21CS466,Suresh Patil,67.28,37.7,47.19,36.55,36.3,164.68,3.36,B,Average,0,Low,76.9,157.74,0,153.43,B,0,Average Performers
1RV21CS467,Karthik Das,66.59,46.74,37.69,45.71,24.02,153.2,1.45,B,Average,10,Low,75.73,154.16000000000003,0,151.15,B,0,Average Performers
1RV21CS468,Suraj Bhattacharya,45.58,27.17,48.92,49.46,40.52,157.09,1.7,B,Critical,40,Moderate,73.44,166.07000000000002,0,155.36,B,0,Average Performers
1RV21CS469,Vishal Rao,76.15,36.97,46.17,24.39,41.96,160.15,1.2,B,Good,10,Low,75.79,149.49,0,156.95,C,0,Average Performers
1RV21CS470,Tanmay Chatterjee,57.75,27.93,27.02,40.06,35.54,132.54,2.94,D,Warning,30,Moderate,63.45,130.55,0,131.54,D,1,Inconsistent Learners
1RV21CS471,Gokul Reddy,47.19,39.46,23.1,49.05,39.01,140.18,4.71,C,Critical,40,Moderate,69.08,150.62,0,142.42,C,1,Inconsistent Learners
1RV21CS472,Suresh Chavan,76.36,31.3,31.36,37.63,46.95,138.07,2.26,C,Good,0,Low,72.93,147.24,0,139.73,C,1,Inconsistent Learners
1RV21CS473,Deepak Thakur,67.32,44.52,30.35,43.78,46.62,153.9,5.41,B,Average,0,Low,79.04,165.27,0,154.67,B,2,High Achievers
1RV21CS474,Dinesh Hegde,57.65,35.44,28.42,24.51,24.72,118.24,5.08,F,Warning,55,High,57.87,113.09,1,121.73,F,1,Inconsistent Learners
1RV21CS475,Chirag Malhotra,67.8,29.91,23.4,40.26,34.37,129.1,4.24,D,Average,10,Low,64.62,127.94,0,129.76,D,1,Inconsistent Learners
1RV21CS476,Ajay Verma,58.4,23.84,37.77,24.04,35.38,126.99,1.73,D,Warning,65,High,59.9,121.03,1,122.04,D,1,Inconsistent Learners
1RV21CS477,Vishal Agarwal,95.73,35.5,32.16,49.08,39.13,164.62,4.64,B,Excellent,0,Low,81.8,155.87,0,157.45,B,2,High Achievers
1RV21CS478,Sanjay Nair,56.91,38.2,34.14,34.45,26.58,130.79,1.71,D,Warning,40,Moderate,65.02,133.37,0,134.68,D,0,Average Performers
1RV21CS479,Suresh Rao,79.28,35.32,25.03,40.57,47.67,151.5,1.34,B,Good,10,Low,75.33,148.59,0,148.47,C,2,High Achievers
1RV21CS480,Abhishek Bose,52.27,20.5,35.68,47.28,40.53,139.7,4.03,C,Warning,55,High,66.18,143.99,1,139.38,C,1,Inconsistent Learners
1RV21CS481,Nikhil Varma,94.59,37.99,46.33,35.94,42.57,156.9,4.3,B,Excellent,0,Low,83.33,162.82999999999998,0,159.03,B,2,High Achievers
1RV21CS482,Tarun Chavan,90.51,46.91,43.25,39.48,35.66,166.13,1.22,A,Excellent,10,Low,84.84,165.29999999999998,0,164.38,B,2,High Achievers
1RV21CS483,Pavan Mukherjee,57.62,44.07,43.69,31.44,37.67,160.1,4.81,B,Warning,30,Moderate,75.0,156.87,0,157.74,B,0,Average Performers
1RV21CS484,Hemant Sawant,50.37,24.02,34.31,26.98,45.77,122.09,5.38,D,Warning,55,High,60.96,131.08,1,125.95,D,1,Inconsistent Learners
1RV21CS485,Ajay Agarwal,55.4,41.27,43.68,37.34,23.53,133.01,4.27,D,Warning,30,Moderate,68.93,145.82,0,135.84,D,0,Average Performers
1RV21CS486,Hemant Singh,67.49,23.2,32.78,37.56,27.84,119.63,3.82,F,Average,50,High,61.2,121.38000000000001,1,125.18,D,1,Inconsistent Learners
1RV21CS487,Vikram Pandey,99.55,31.92,26.11,36.56,36.73,131.33,3.8,D,Excellent,0,Low,72.35,131.32,0,132.99,D,1,Inconsistent Learners
1RV21CS488,Lokesh Agarwal,99.37,37.33,43.23,31.94,24.14,150.61,1.6,B,Excellent,10,Low,75.89,136.64,0,147.16,B,2,High Achievers
1RV21CS489,Deepak Pillai,88.07,48.48,23.01,35.25,43.58,164.11,4.07,B,Excellent,10,Low,79.87,150.32,0,160.65,B,2,High Achievers
1RV21CS490,Dev Sinha,47.86,31.67,39.08,44.13,44.7,149.39,4.0,C,Critical,30,Moderate,71.82,159.57999999999998,0,148.3,C,0,Average Performers
1RV21CS491,Sai Gupta,59.47,31.13,38.27,41.73,47.92,150.22,4.28,B,Warning,30,Moderate,73.99,159.05,0,145.88,B,0,Average Performers
1RV21CS492,Sanjay Sinha,97.99,21.72,43.21,25.26,34.83,119.47,5.25,F,Excellent,50,High,68.24,125.02000000000001,1,125.87,F,3,At-Risk Students
1RV21CS493,Pavan Dubey,55.71,43.52,35.32,40.95,38.46,158.38,2.8,B,Warning,30,Moderate,74.85,158.25,0,158.26,B,0,Average Performers
1RV21CS494,Yogesh Sharma,98.66,22.61,28.28,31.98,40.09,126.06,2.0,D,Excellent,25,Moderate,68.34,122.96000000000001,0,126.71,C,1,Inconsistent Learners
1RV21CS495,Aarav Sinha,48.77,22.7,28.53,44.89,47.45,130.91,5.82,D,Critical,55,High,64.91,143.57,1,133.43,D,1,Inconsistent Learners
1RV21CS496,Praveen Malhotra,78.35,25.84,47.89,37.25,27.83,134.25,1.53,D,Good,10,Low,69.97,138.81,0,136.59,D,3,At-Risk Students
1RV21CS497,Arjun Bhattacharya,61.18,48.41,44.09,48.7,46.28,187.6,3.87,A,Warning,30,Moderate,87.39,187.48,0,183.74,A,2,High Achievers
1RV21CS498,Hemant Pillai,98.13,36.9,43.1,42.72,48.84,171.42,3.3,A,Excellent,0,Low,87.64,171.56,0,161.26,A,2,High Achievers
1RV21CS499,Suresh Verma,71.51,27.73,31.48,43.66,26.61,131.3,5.0,D,Average,0,Low,65.77,129.48000000000002,0,129.61,D,1,Inconsistent Learners
1RV21CS500,Ajay Kumar,73.41,20.29,44.97,27.45,22.79,118.21,5.11,F,Average,50,High,60.23,115.5,1,118.76,F,3,At-Risk Students
